position,token,logprob
0,<think>,-1.0013530300057027e-05
1,"
",-3.6954811548639555e-06
2,Okay,-0.00027497802511788905
3,",",-2.407998726994265e-05
4, let,-0.16034890711307526
5,'s,-0.026324830949306488
6, see,-0.09163364768028259
7,.,-0.009757915511727333
8, The,-0.0011748324614018202
9, question,-0.0002131234941771254
10, is,-0.0008233971311710775
11, asking,-0.011047743260860443
12, what,-0.14504724740982056
13, number,-0.009761220775544643
14, is,-6.437280717364047e-06
15, displayed,-8.22540732769994e-06
16, above,-1.2159273865108844e-05
17, the,-5.876845170860179e-05
18, entrance,-0.0022077015601098537
19, where,-0.008249257691204548
20, the,-2.753696753643453e-05
21, woman,-2.7418097943154862e-06
22, is,-0.007883387617766857
23, standing,-1.311301275563892e-06
24,.,-0.17310169339179993
25, The,-0.0030460411217063665
26, options,-0.02685021609067917
27, are,-3.5523738915799186e-05
28, A,-0.0003474347176961601
29,.,-0.6063894629478455
30, ,-0.003177833277732134
31,2,0.0
32,7,0.0
33,B,0.0
34,",",-3.528532761265524e-05
35, B,-7.939023635117337e-05
36,.,-2.3841855067985307e-07
37, ,-0.042999111115932465
38,3,-1.1920922133867862e-06
39,7,0.0
40,B,-1.1920928244535389e-07
41,",",0.0
42, C,-0.0001234931987710297
43,.,0.0
44, ,-0.0021851013880223036
45,2,-1.1920928244535389e-07
46,7,0.0
47,D,-3.576278118089249e-07
48,",",0.0
49, D,-5.1616290875244886e-05
50,.,0.0
51, ,-0.00043072958942502737
52,2,-4.768370445162873e-07
53,7,0.0
54,E,-1.1920928244535389e-07
55,".

",-0.0013261580606922507
56,First,-0.018466221168637276
57,",",-3.6238969187252223e-05
58, I,-0.08395873755216599
59, need,-0.01782926917076111
60, to,0.0
61, look,-0.10812894999980927
62, at,-0.010202045552432537
63, the,-7.033323527139146e-06
64, image,-0.000774798565544188
65, provided,-0.5875252485275269
66,.,-0.0009742995607666671
67, The,-0.0066714175045490265
68, woman,-0.4707213044166565
69, is,-0.0005013877525925636
70, standing,-0.0044948020949959755
71, in,-0.09005434811115265
72, front,-0.030784720554947853
73, of,0.0
74, a,-0.150154709815979
75, door,-1.1319972276687622
76, with,-1.4815385341644287
77, the,-0.23645775020122528
78, number,-0.02684197574853897
79, ,-0.18018676340579987
80,2,-2.3841855067985307e-07
81,7,-3.2186455882765586e-06
82,B,-0.00015364897262770683
83, above,-0.4970274567604065
84, it,-0.11756281554698944
85,.,-0.004940089304000139
86, The,-0.03512030839920044
87, door,-0.8993110656738281
88, has,-0.931517481803894
89, a,-0.6731062531471252
90, sign,-1.220623254776001
91, that,-0.3994690477848053
92, says,-0.07279244065284729
93," """,-0.2812197506427765
94,2,-3.576272320060525e-06
95,7,-2.7894584491150454e-05
96,B,-0.006005575880408287
97,""".",-0.6498547792434692
98, The,-0.3786011338233948
99, entrance,-0.36273497343063354
100, is,-1.3941411972045898
101, a,-0.2222800999879837
102, staircase,-0.7289349436759949
103, leading,-0.4094718098640442
104, down,-0.3466989994049072
105,",",-0.2190122902393341
106, and,-0.22991834580898285
107, the,-0.19170303642749786
108, door,-0.9553639888763428
109, is,-0.39285802841186523
110, part,-0.809908390045166
111, of,-1.6331539882230572e-05
112, a,-0.9039002656936646
113, building,-0.09888787567615509
114,.,-0.6968064308166504
115, The,-0.2283564656972885
116, woman,-0.8648582696914673
117, is,-0.011888955719769001
118, holding,-0.04368414357304573
119, a,-0.09006927162408829
120, phone,-0.016797764226794243
121, and,-0.02499295212328434
122, touching,-0.8047857284545898
123, the,-0.03869383782148361
124, wall,-0.06775885075330734
125, next,-0.4049836993217468
126, to,-2.9802276912960224e-06
127, the,-0.08972299844026566
128, door,-0.12419097125530243
129,.,-0.5565361976623535
130," 

",-0.15951047837734222
131,Wait,-0.7410534024238586
132,",",-6.353653589030728e-05
133, the,-0.27215585112571716
134, question,-0.5862054228782654
135, is,-0.38317033648490906
136, about,-0.16737495362758636
137, the,-0.005371305160224438
138, number,-0.03627358749508858
139, displayed,-0.6532862186431885
140, above,-0.007513241842389107
141, the,-0.001898868940770626
142, entrance,-8.916457591112703e-05
143,.,-0.14850609004497528
144, The,-0.20548957586288452
145, entrance,-0.4461682438850403
146, here,-0.10583402216434479
147, is,-0.38469111919403076
148, the,-0.04637201875448227
149, door,-0.5503960847854614
150, with,-0.9256462454795837
151, the,-0.02731454372406006
152, staircase,-0.5727213025093079
153,.,-0.29700973629951477
154, The,-0.0705781802535057
155, sign,-0.6379386782646179
156, above,-0.10980378836393356
157, the,-0.011642015539109707
158, door,-0.06785242259502411
159, is,-1.0622422695159912
160," """,-0.755829393863678
161,2,-2.50339189733495e-06
162,7,-1.7881377516459906e-06
163,B,-0.00033706706017255783
164,""".",-0.3981679081916809
165, So,-0.09937898069620132
166, the,-0.016602568328380585
167, answer,-0.2952421307563782
168, should,-0.005803165026009083
169, be,-4.875540980719961e-05
170, A,-0.00894857943058014
171,.,-0.004273212049156427
172, ,-0.027282297611236572
173,2,0.0
174,7,0.0
175,B,-1.1920928244535389e-07
176,.,-0.16392765939235687
177, But,-0.8905794620513916
178, let,-0.02326769195497036
179, me,-0.004620826803147793
180, check,-0.6969543695449829
181, again,-0.37066179513931274
182, to,-0.8127686977386475
183, make,-0.14449471235275269
184, sure,-2.3841855067985307e-07
185, I,-0.6180865168571472
186, didn,-0.5244026184082031
187,'t,-8.344646857949556e-07
188, miss,-0.36292654275894165
189, anything,-0.024748994037508965
190,".

",-0.18088588118553162
191,Looking,-0.6771120429039001
192, at,-0.14023905992507935
193, the,-0.004778987728059292
194, image,-0.29353371262550354
195, again,-0.5523241758346558
196,:,-0.10426143556833267
197, the,-0.3373873233795166
198, door,-0.5228090882301331
199, has,-0.6669719815254211
200, a,-0.3771052658557892
201, rectangular,-1.5299128293991089
202, sign,-0.265918493270874
203, with,-0.06516332924365997
204, the,-0.4565712511539459
205, number,-0.2065248191356659
206, ,-0.1283021718263626
207,2,-4.6491513785440475e-06
208,7,-3.707340147229843e-05
209,B,-0.0015826807357370853
210,.,-0.6457043886184692
211, The,-0.1414898931980133
212, wall,-1.919860601425171
213, around,-0.9895618557929993
214, the,-0.08022605627775192
215, door,-0.48990726470947266
216, is,-1.0749719142913818
217, pe,-0.9594643115997314
218,eling,-1.9073468138230965e-06
219,",",-0.15216374397277832
220, and,-0.5389124155044556
221, there,-0.14821884036064148
222,'s,-0.023355621844530106
223, a,-0.20817546546459198
224, blue,-0.7455462217330933
225, mailbox,-0.2536846399307251
226, on,-1.2312053442001343
227, the,-0.00024125049822032452
228, right,-0.03440277650952339
229, side,-0.07114644348621368
230,.,-0.7564237713813782
231, The,-0.0038386720698326826
232, woman,-0.5092288851737976
233, is,-0.06553965061903
234, standing,-0.3948171138763428
235, in,-0.44329535961151123
236, front,-0.07980470359325409
237, of,-0.000635183765552938
238, the,-0.38466012477874756
239, door,-0.2442523092031479
240,",",-0.2925280034542084
241, looking,-1.0396559238433838
242, to,-0.4646575152873993
243, the,-0.3869812786579132
244, side,-0.06537194550037384
245,.,-0.29439374804496765
246, The,-0.18257111310958862
247, number,-1.0007256269454956
248, above,-0.25345245003700256
249, the,-0.040759697556495667
250, entrance,-0.5329485535621643
251, is,-0.671528697013855
252, definitely,-0.9714298248291016
253, ,-0.041839275509119034
254,2,0.0
255,7,0.0
256,B,-5.960446742392378e-06
257,.,-0.16303996741771698
258, The,-0.559807538986206
259, options,-0.4514346718788147
260, given,-0.7082457542419434
261, include,-0.36985382437705994
262, A,-0.28821349143981934
263, as,-0.3545137047767639
264, ,-0.0013409203384071589
265,2,0.0
266,7,0.0
267,B,-3.576278118089249e-07
268,",",-0.04451386258006096
269, which,-0.1824289858341217
270, matches,-0.010200511664152145
271,.,-0.7945960760116577
272, The,-0.5545300841331482
273, other,-0.03101889044046402
274, options,-0.06346600502729416
275, are,-0.19693711400032043
276, ,-0.4147752821445465
277,3,-0.0011701886542141438
278,7,-1.311301275563892e-06
279,B,-0.010305644012987614
280,",",-0.0852644294500351
281, ,-0.044095780700445175
282,2,-1.5139465176616795e-05
283,7,0.0
284,D,-7.867782187531702e-06
285,",",-0.0007323920144699514
286, ,-0.016161037608981133
287,2,-2.3841855067985307e-07
288,7,-1.1920928244535389e-07
289,E,-2.3841855067985307e-07
290,",",-0.23345360159873962
291, which,-0.09172098338603973
292, don,-0.20200572907924652
293,'t,-1.0251946150674485e-05
294, match,-0.6210587024688721
295, the,-0.3055356740951538
296, visible,-0.8168342113494873
297, number,-0.184940367937088
298,.,-0.366719126701355
299, So,-0.08709019422531128
300, the,-0.0015184074873104692
301, correct,-0.03804749622941017
302, answer,-5.006777428206988e-06
303, should,-0.5240926146507263
304, be,0.0
305, A,-0.00015877417172305286
306,".
",-0.2015679031610489
307,</think>,-2.3841830625315197e-06
308,"

",0.0
309,The,-3.4927710657939315e-05
310, number,-0.058130741119384766
311, displayed,-0.0045600710436701775
312, above,-0.0026013364549726248
313, the,-5.602820692729438e-06
314, entrance,-0.006857669446617365
315, is,-1.1172407865524292
316," """,-1.2367452383041382
317,2,-1.5497195136049413e-06
318,7,-8.344646857949556e-07
319,B,-0.00012683063687290996
320,",""",-0.8984999656677246
321, as,-0.3008565902709961
322, indicated,-0.7681254148483276
323, by,-0.04425603151321411
324, the,-5.328513361746445e-05
325, rectangular,-0.6876474022865295
326, sign,-0.010548549704253674
327, on,-0.9334124326705933
328, the,-0.03806000575423241
329, door,-0.13798516988754272
330,.,-0.14466379582881927
331, The,-0.11132268607616425
332, woman,-0.08557318896055222
333, is,-0.245720773935318
334, standing,-0.07391705363988876
335, in,-0.0871041789650917
336, front,-0.0033494106028229
337, of,-1.1920928244535389e-07
338, this,-0.2235909104347229
339, entrance,-0.5937601327896118
340,",",-0.045321591198444366
341, and,-0.7399334907531738
342, the,-0.05372702702879906
343, staircase,-1.4448330402374268
344, behind,-1.19718337059021
345, her,-0.010731014423072338
346, leads,-0.8878958821296692
347, down,-0.48203760385513306
348, into,-0.8916106224060059
349, the,-0.0301883015781641
350, building,-0.16076111793518066
351,.,-0.12255831807851791
352, The,-0.2742224633693695
353, pe,-1.5220414400100708
354,eling,-2.8729025871143676e-05
355, paint,-0.38809719681739807
356, and,-0.31208375096321106
357, the,-0.8421053886413574
358, blue,-0.5978108644485474
359, mailbox,-0.0023192670196294785
360, further,-0.4593675136566162
361, confirm,-0.14755111932754517
362, the,-0.06760600209236145
363, location,-0.3900790214538574
364, is,-1.1075997352600098
365, ,-1.1125264167785645
366,2,-0.00011669908417388797
367,7,-2.3841830625315197e-06
368,B,-0.0011960265692323446
369,".

",-0.6636918187141418
370,**,-0.024532893672585487
371,Answer,-0.0060482332482934
372,:**,-0.06470999866724014
373,"  
",-0.28147295117378235
374,\,-0.47487926483154297
375,boxed,-1.311301275563892e-06
376,{,-1.1920928244535389e-07
377,A,-5.960462772236497e-07
378,},-0.0003418338019400835
379,<|im_end|>,-6.174850568640977e-05
